cluster_ID,files,title,description
org.apache.hadoop.mapreduce.checkpoint.ss,"org.apache.hadoop.mapreduce.checkpoint.CheckpointID, org.apache.hadoop.mapreduce.checkpoint.CheckpointNamingService, org.apache.hadoop.mapreduce.checkpoint.CheckpointService, org.apache.hadoop.mapreduce.checkpoint.EnumCounter, org.apache.hadoop.mapreduce.checkpoint.FSCheckpointID, org.apache.hadoop.mapreduce.checkpoint.FSCheckpointService, org.apache.hadoop.mapreduce.checkpoint.RandomNameCNS, org.apache.hadoop.mapreduce.checkpoint.SimpleNamingService, org.apache.hadoop.mapreduce.checkpoint.TaskCheckpointID",Apache Hadoop MapReduce Checkpointing System,"The Apache Hadoop MapReduce checkpointing system, encapsulated in the package org.apache.hadoop.mapreduce.checkpoint.ss, is a critical component for enhancing fault tolerance and improving performance. It leverages Java and Hadoop technologies, integrating with HDFS for data storage. The system periodically saves the progress of tasks, enabling resumption from the last checkpoint in case of failures, thus ensuring scalability. It employs a speculative execution mechanism to boost performance by duplicating slow tasks. The checkpointing system also utilizes task heartbeats to monitor task progress and detect failures promptly. This robust design ensures reliable and efficient processing of large data sets, making it a cornerstone of Hadoop's distributed computing framework."
org.apache.hadoop.mapreduce.counters.ss,"org.apache.hadoop.mapreduce.FileSystemCounter, org.apache.hadoop.mapreduce.counters.AbstractCounters, org.apache.hadoop.mapreduce.counters.FileSystemCounterGroup, org.apache.hadoop.mapreduce.counters.FrameworkCounterGroup, org.apache.hadoop.mapreduce.util.ResourceBundles",Hadoop MapReduce Counters System,"The Hadoop MapReduce Counters System, encapsulated within the package org.apache.hadoop.mapreduce.counters.ss, is a crucial component of the Hadoop ecosystem. It provides a mechanism for tracking and reporting various types of counters during the execution of MapReduce jobs. These counters, implemented in Java, are used to monitor job-specific metrics such as input/output records, spilled records, and CPU time. The system leverages HDFS for storing counter data, ensuring scalability and fault tolerance. It interacts with the MapReduce framework to collect and aggregate these counters at the end of a job. The performance benefits include real-time job monitoring and post-job analysis, aiding in optimization and debugging. The system's design inherently supports Hadoop's fault-tolerant nature, ensuring reliable operation even in the event of node failures."
org.apache.hadoop.mapreduce.jobhistory.ss,"org.apache.hadoop.mapreduce.jobhistory.AMStarted, org.apache.hadoop.mapreduce.jobhistory.AMStartedEvent, org.apache.hadoop.mapreduce.jobhistory.AvroArrayUtils, org.apache.hadoop.mapreduce.jobhistory.Event, org.apache.hadoop.mapreduce.jobhistory.EventReader, org.apache.hadoop.mapreduce.jobhistory.EventType, org.apache.hadoop.mapreduce.jobhistory.EventWriter, org.apache.hadoop.mapreduce.jobhistory.Events, org.apache.hadoop.mapreduce.jobhistory.HistoryEvent, org.apache.hadoop.mapreduce.jobhistory.HistoryEventHandler, org.apache.hadoop.mapreduce.jobhistory.HistoryViewer, org.apache.hadoop.mapreduce.jobhistory.HistoryViewerPrinter, org.apache.hadoop.mapreduce.jobhistory.HumanReadableHistoryViewerPrinter, org.apache.hadoop.mapreduce.jobhistory.JSONHistoryViewerPrinter, org.apache.hadoop.mapreduce.jobhistory.JhCounter, org.apache.hadoop.mapreduce.jobhistory.JhCounterGroup, org.apache.hadoop.mapreduce.jobhistory.JhCounters, org.apache.hadoop.mapreduce.jobhistory.JobFinished, org.apache.hadoop.mapreduce.jobhistory.JobFinishedEvent, org.apache.hadoop.mapreduce.jobhistory.JobHistoryParser, org.apache.hadoop.mapreduce.jobhistory.JobInfoChange, org.apache.hadoop.mapreduce.jobhistory.JobInfoChangeEvent, org.apache.hadoop.mapreduce.jobhistory.JobInited, org.apache.hadoop.mapreduce.jobhistory.JobInitedEvent, org.apache.hadoop.mapreduce.jobhistory.JobPriorityChange, org.apache.hadoop.mapreduce.jobhistory.JobPriorityChangeEvent, org.apache.hadoop.mapreduce.jobhistory.JobQueueChange, org.apache.hadoop.mapreduce.jobhistory.JobQueueChangeEvent, org.apache.hadoop.mapreduce.jobhistory.JobStatusChanged, org.apache.hadoop.mapreduce.jobhistory.JobStatusChangedEvent, org.apache.hadoop.mapreduce.jobhistory.JobSubmitted, org.apache.hadoop.mapreduce.jobhistory.JobSubmittedEvent, org.apache.hadoop.mapreduce.jobhistory.JobUnsuccessfulCompletion, org.apache.hadoop.mapreduce.jobhistory.JobUnsuccessfulCompletionEvent, org.apache.hadoop.mapreduce.jobhistory.MapAttemptFinished, org.apache.hadoop.mapreduce.jobhistory.MapAttemptFinishedEvent, org.apache.hadoop.mapreduce.jobhistory.NormalizedResourceEvent, org.apache.hadoop.mapreduce.jobhistory.ReduceAttemptFinished, org.apache.hadoop.mapreduce.jobhistory.ReduceAttemptFinishedEvent, org.apache.hadoop.mapreduce.jobhistory.TaskAttemptFinished, org.apache.hadoop.mapreduce.jobhistory.TaskAttemptFinishedEvent, org.apache.hadoop.mapreduce.jobhistory.TaskAttemptStarted, org.apache.hadoop.mapreduce.jobhistory.TaskAttemptStartedEvent, org.apache.hadoop.mapreduce.jobhistory.TaskAttemptUnsuccessfulCompletion, org.apache.hadoop.mapreduce.jobhistory.TaskAttemptUnsuccessfulCompletionEvent, org.apache.hadoop.mapreduce.jobhistory.TaskFailed, org.apache.hadoop.mapreduce.jobhistory.TaskFailedEvent, org.apache.hadoop.mapreduce.jobhistory.TaskFinished, org.apache.hadoop.mapreduce.jobhistory.TaskFinishedEvent, org.apache.hadoop.mapreduce.jobhistory.TaskStarted, org.apache.hadoop.mapreduce.jobhistory.TaskStartedEvent, org.apache.hadoop.mapreduce.jobhistory.TaskUpdated, org.apache.hadoop.mapreduce.jobhistory.TaskUpdatedEvent, org.apache.hadoop.mapreduce.util.HostUtil, org.apache.hadoop.mapreduce.util.JobHistoryEventUtils",Hadoop MapReduce Job History Server,"The Hadoop MapReduce Job History Server (org.apache.hadoop.mapreduce.jobhistory.ss) is a crucial component of the Hadoop ecosystem, responsible for storing and serving job history data. It utilizes Hadoop's distributed file system (HDFS) for data storage and Java for implementation. The server receives job-related information from TaskTrackers during job execution, logs it, and serves this data to clients upon request. This module ensures scalability by leveraging HDFS's ability to handle large datasets. Performance is optimized through efficient data serialization and deserialization. Fault tolerance is maintained via Hadoop's inherent replication and fault-recovery mechanisms. The Job History Server plays a pivotal role in job monitoring, debugging, and system health assessment, making it indispensable for Hadoop clusters."
org.apache.hadoop.mapreduce.lib.aggregate.ss,"org.apache.hadoop.mapreduce.lib.aggregate.DoubleValueSum, org.apache.hadoop.mapreduce.lib.aggregate.LongValueMax, org.apache.hadoop.mapreduce.lib.aggregate.LongValueMin, org.apache.hadoop.mapreduce.lib.aggregate.LongValueSum, org.apache.hadoop.mapreduce.lib.aggregate.StringValueMax, org.apache.hadoop.mapreduce.lib.aggregate.StringValueMin, org.apache.hadoop.mapreduce.lib.aggregate.UniqValueCount, org.apache.hadoop.mapreduce.lib.aggregate.UserDefinedValueAggregatorDescriptor, org.apache.hadoop.mapreduce.lib.aggregate.ValueAggregator, org.apache.hadoop.mapreduce.lib.aggregate.ValueAggregatorBaseDescriptor, org.apache.hadoop.mapreduce.lib.aggregate.ValueAggregatorCombiner, org.apache.hadoop.mapreduce.lib.aggregate.ValueAggregatorDescriptor, org.apache.hadoop.mapreduce.lib.aggregate.ValueAggregatorJob, org.apache.hadoop.mapreduce.lib.aggregate.ValueAggregatorJobBase, org.apache.hadoop.mapreduce.lib.aggregate.ValueAggregatorMapper, org.apache.hadoop.mapreduce.lib.aggregate.ValueAggregatorReducer, org.apache.hadoop.mapreduce.lib.aggregate.ValueHistogram",Aggregate SS Module,"The Aggregate SS module in Apache Hadoop MapReduce is a crucial component for performing aggregations on large datasets. It leverages Java and Hadoop technologies, utilizing HDFS for distributed storage. The module comprises of an Aggregator class for defining aggregation functions, and a SparseSet class for efficient storage of sparse data. The Aggregator class interacts with the Mapper and Reducer, processing intermediate key-value pairs to compute aggregates. The SparseSet class, implemented as a hash table, ensures efficient memory usage for sparse data sets. This module is designed for scalability, handling massive data volumes. Performance is optimized through parallel processing across the cluster. Fault tolerance is maintained via Hadoop's inherent features, such as data replication and automatic recovery from node failures."
org.apache.hadoop.mapreduce.lib.chain.ss,"org.apache.hadoop.mapreduce.ContextFactory, org.apache.hadoop.mapreduce.OutputCommitter, org.apache.hadoop.mapreduce.RecordReader, org.apache.hadoop.mapreduce.RecordWriter, org.apache.hadoop.mapreduce.Reducer, org.apache.hadoop.mapreduce.TaskAttemptContext, org.apache.hadoop.mapreduce.TaskInputOutputContext, org.apache.hadoop.mapreduce.lib.chain.Chain, org.apache.hadoop.mapreduce.lib.chain.ChainMapContextImpl, org.apache.hadoop.mapreduce.lib.chain.ChainMapper, org.apache.hadoop.mapreduce.lib.chain.ChainReduceContextImpl, org.apache.hadoop.mapreduce.lib.chain.ChainReducer, org.apache.hadoop.mapreduce.lib.fieldsel.FieldSelectionReducer, org.apache.hadoop.mapreduce.lib.reduce.IntSumReducer, org.apache.hadoop.mapreduce.lib.reduce.LongSumReducer",Apache Hadoop MapReduce Chain SS,"The Chain SS module in Apache Hadoop MapReduce is a crucial component for creating complex workflows. It allows multiple MapReduce jobs to be linked together in a chain, where the output of one job serves as the input to the next. This module is primarily written in Java and leverages Hadoop's distributed file system (HDFS) for data storage and processing. The Chain SS module enhances scalability by enabling the execution of multiple jobs in a single MapReduce task, thus reducing overhead. Performance is optimized through efficient data transfer between jobs within the chain. Fault tolerance is ensured by Hadoop's inherent capabilities, such as data replication and automatic re-execution of failed tasks. This module is instrumental in handling complex data processing tasks, making it a vital part of the Hadoop ecosystem."
org.apache.hadoop.mapreduce.lib.db.ss,"org.apache.hadoop.mapreduce.InputSplit, org.apache.hadoop.mapreduce.lib.db.BigDecimalSplitter, org.apache.hadoop.mapreduce.lib.db.BooleanSplitter, org.apache.hadoop.mapreduce.lib.db.DBConfiguration, org.apache.hadoop.mapreduce.lib.db.DBInputFormat, org.apache.hadoop.mapreduce.lib.db.DBOutputFormat, org.apache.hadoop.mapreduce.lib.db.DBRecordReader, org.apache.hadoop.mapreduce.lib.db.DBSplitter, org.apache.hadoop.mapreduce.lib.db.DBWritable, org.apache.hadoop.mapreduce.lib.db.DataDrivenDBInputFormat, org.apache.hadoop.mapreduce.lib.db.DataDrivenDBRecordReader, org.apache.hadoop.mapreduce.lib.db.DateSplitter, org.apache.hadoop.mapreduce.lib.db.FloatSplitter, org.apache.hadoop.mapreduce.lib.db.IntegerSplitter, org.apache.hadoop.mapreduce.lib.db.MySQLDBRecordReader, org.apache.hadoop.mapreduce.lib.db.MySQLDataDrivenDBRecordReader, org.apache.hadoop.mapreduce.lib.db.OracleDBRecordReader, org.apache.hadoop.mapreduce.lib.db.OracleDataDrivenDBInputFormat, org.apache.hadoop.mapreduce.lib.db.OracleDataDrivenDBRecordReader, org.apache.hadoop.mapreduce.lib.db.OracleDateSplitter, org.apache.hadoop.mapreduce.lib.db.TextSplitter",Hadoop DB Storage Snapshot,"The org.apache.hadoop.mapreduce.lib.db.ss package is a crucial component of Apache Hadoop MapReduce, designed for efficient data processing with relational databases. It leverages Java for programming and integrates seamlessly with Hadoop's distributed file system (HDFS) for scalable storage. This module enables MapReduce jobs to read from and write to databases, enhancing data processing capabilities. It ensures high performance through parallel processing and fault tolerance via Hadoop's inherent replication and fault-recovery mechanisms. The snapshot structure facilitates efficient data retrieval and storage, optimizing MapReduce tasks' efficiency. This package's modular design allows for easy integration and customization, making it a versatile tool for big data processing."
org.apache.hadoop.mapreduce.lib.input.ss,"org.apache.hadoop.mapreduce.lib.input.CombineFileInputFormat, org.apache.hadoop.mapreduce.lib.input.CombineFileRecordReader, org.apache.hadoop.mapreduce.lib.input.CombineFileRecordReaderWrapper, org.apache.hadoop.mapreduce.lib.input.CombineFileSplit, org.apache.hadoop.mapreduce.lib.input.CombineSequenceFileInputFormat, org.apache.hadoop.mapreduce.lib.input.CombineTextInputFormat, org.apache.hadoop.mapreduce.lib.input.CompressedSplitLineReader, org.apache.hadoop.mapreduce.lib.input.DelegatingInputFormat, org.apache.hadoop.mapreduce.lib.input.DelegatingMapper, org.apache.hadoop.mapreduce.lib.input.DelegatingRecordReader, org.apache.hadoop.mapreduce.lib.input.FileInputFormat, org.apache.hadoop.mapreduce.lib.input.FileSplit, org.apache.hadoop.mapreduce.lib.input.FixedLengthInputFormat, org.apache.hadoop.mapreduce.lib.input.FixedLengthRecordReader, org.apache.hadoop.mapreduce.lib.input.InvalidInputException, org.apache.hadoop.mapreduce.lib.input.LineRecordReader, org.apache.hadoop.mapreduce.lib.input.MultipleInputs, org.apache.hadoop.mapreduce.lib.input.SequenceFileAsBinaryInputFormat, org.apache.hadoop.mapreduce.lib.input.SequenceFileAsTextInputFormat, org.apache.hadoop.mapreduce.lib.input.SequenceFileAsTextRecordReader, org.apache.hadoop.mapreduce.lib.input.SequenceFileInputFilter, org.apache.hadoop.mapreduce.lib.input.SequenceFileInputFormat, org.apache.hadoop.mapreduce.lib.input.SequenceFileRecordReader, org.apache.hadoop.mapreduce.lib.input.SplitLineReader, org.apache.hadoop.mapreduce.lib.input.TaggedInputSplit, org.apache.hadoop.mapreduce.lib.input.UncompressedSplitLineReader",Apache Hadoop MapReduce Input Split,"The Apache Hadoop MapReduce Input Split module is a crucial component of the Hadoop ecosystem, specifically designed for the efficient processing of large datasets. It divides the input data into manageable chunks, known as splits, which are then processed in parallel across the cluster. This module primarily uses Java for its implementation and leverages Hadoop's distributed file system (HDFS) for data storage and access. The scalability of this module is ensured by its ability to handle vast amounts of data, distributing it across multiple nodes. Performance is optimized through parallel processing, reducing the overall processing time. Fault tolerance is maintained through Hadoop's inherent features, such as data replication and automatic recovery from node failures. This module's robust design ensures efficient, scalable, and reliable data processing in a distributed environment."
org.apache.hadoop.mapreduce.lib.jobcontrol.ss,"org.apache.hadoop.mapreduce.lib.jobcontrol.ControlledJob, org.apache.hadoop.mapreduce.lib.jobcontrol.JobControl",MapReduce Job Control Subsystem,"The MapReduce Job Control Subsystem (org.apache.hadoop.mapreduce.lib.jobcontrol.ss) is a crucial component of Apache Hadoop MapReduce, designed for managing multiple related MapReduce jobs as a single atomic unit. It leverages Java and Hadoop technologies, integrating with HDFS for data storage. This subsystem allows for sequential, parallel, or father-son execution models, enhancing scalability and performance. It ensures fault tolerance by automatically restarting failed jobs. The Job Control API provides methods to add, remove, or change the order of jobs, thereby offering flexibility in job management. This subsystem's design facilitates efficient resource utilization and job scheduling, making it an indispensable tool for large-scale data processing tasks."
org.apache.hadoop.mapreduce.lib.join.ss,"org.apache.hadoop.mapreduce.lib.join.ArrayListBackedIterator, org.apache.hadoop.mapreduce.lib.join.ComposableInputFormat, org.apache.hadoop.mapreduce.lib.join.ComposableRecordReader, org.apache.hadoop.mapreduce.lib.join.CompositeInputFormat, org.apache.hadoop.mapreduce.lib.join.CompositeInputSplit, org.apache.hadoop.mapreduce.lib.join.CompositeRecordReader, org.apache.hadoop.mapreduce.lib.join.InnerJoinRecordReader, org.apache.hadoop.mapreduce.lib.join.JoinRecordReader, org.apache.hadoop.mapreduce.lib.join.MultiFilterRecordReader, org.apache.hadoop.mapreduce.lib.join.OuterJoinRecordReader, org.apache.hadoop.mapreduce.lib.join.OverrideRecordReader, org.apache.hadoop.mapreduce.lib.join.Parser, org.apache.hadoop.mapreduce.lib.join.ResetableIterator, org.apache.hadoop.mapreduce.lib.join.StreamBackedIterator, org.apache.hadoop.mapreduce.lib.join.TupleWritable, org.apache.hadoop.mapreduce.lib.join.WrappedRecordReader",Apache Hadoop MapReduce Join Library,"The Apache Hadoop MapReduce Join Library (org.apache.hadoop.mapreduce.lib.join.ss) is a crucial component of Hadoop's MapReduce framework, designed for efficient data processing. It facilitates the joining of sorted data from multiple inputs, leveraging the MapReduce paradigm. The library primarily uses Java for coding and integrates seamlessly with Hadoop's Distributed File System (HDFS) for data storage and processing. It ensures scalability by distributing data across a cluster, allowing parallel processing. Performance is optimized through efficient data partitioning and reduction strategies. Fault tolerance is maintained via Hadoop's inherent capabilities, such as automatic data replication and task re-execution upon failure. This library is instrumental in scenarios requiring complex data joins, offering a robust, scalable, and reliable solution for big data processing."
org.apache.hadoop.mapreduce.lib.map.ss,"org.apache.hadoop.mapreduce.MapContext, org.apache.hadoop.mapreduce.Mapper, org.apache.hadoop.mapreduce.StatusReporter, org.apache.hadoop.mapreduce.lib.fieldsel.FieldSelectionMapper, org.apache.hadoop.mapreduce.lib.map.InverseMapper, org.apache.hadoop.mapreduce.lib.map.MultithreadedMapper, org.apache.hadoop.mapreduce.lib.map.TokenCounterMapper, org.apache.hadoop.mapreduce.lib.map.WrappedMapper, org.apache.hadoop.mapreduce.task.MapContextImpl, org.apache.hadoop.mapreduce.task.TaskInputOutputContextImpl",Single-SuperStep MapReduce,"The Single-SuperStep MapReduce module is a core component of Apache Hadoop MapReduce, designed for efficient processing of large datasets. It utilizes Java for programming and integrates seamlessly with Hadoop's distributed file system (HDFS). The module is structured around the Mapper and Reducer classes, which process input data in a two-phase map-reduce pattern. The Mapper transforms input key-value pairs into intermediate key-value pairs, while the Reducer aggregates these intermediates to produce the final output. This design ensures scalability by distributing tasks across a cluster. Performance is optimized through parallel processing and data locality, as HDFS stores data close to the compute nodes. Fault tolerance is maintained through Hadoop's inherent replication and task tracking mechanisms, ensuring reliable execution even in the event of node failures."
org.apache.hadoop.mapreduce.lib.output.committer.manifest.impl.ss,org.apache.hadoop.mapreduce.lib.output.committer.manifest.impl.EntryFileIO,Hadoop MapReduce Output Committer,"The Hadoop MapReduce Output Committer module, specifically the 'ss' sub-package, is a critical component ensuring data integrity and consistency in Hadoop jobs. It interacts with HDFS to manage the commit process of task outputs, utilizing Java for implementation. The committer coordinates with the TaskTracker and JobTracker (in Hadoop 1.x) or NodeManager and ResourceManager (in Hadoop 2.x) to finalize task outputs. It supports scalability by handling large datasets and ensures performance through efficient resource management. Fault tolerance is maintained via HDFS's replication mechanism. The committer's design allows for pluggable committer implementations, enhancing flexibility and adaptability to diverse use cases. This module is pivotal in preventing data loss and ensuring job reliability in Hadoop's distributed computing environment."
org.apache.hadoop.mapreduce.lib.output.committer.manifest.ss,"org.apache.hadoop.mapreduce.JobStatus, org.apache.hadoop.mapreduce.lib.output.BindingPathOutputCommitter, org.apache.hadoop.mapreduce.lib.output.PathOutputCommitter, org.apache.hadoop.mapreduce.lib.output.committer.manifest.ManifestCommitter, org.apache.hadoop.mapreduce.lib.output.committer.manifest.ManifestCommitterConfig, org.apache.hadoop.mapreduce.lib.output.committer.manifest.ManifestCommitterConstants, org.apache.hadoop.mapreduce.lib.output.committer.manifest.ManifestCommitterFactory, org.apache.hadoop.mapreduce.lib.output.committer.manifest.ManifestCommitterStatisticNames, org.apache.hadoop.mapreduce.lib.output.committer.manifest.files.AbstractManifestData, org.apache.hadoop.mapreduce.lib.output.committer.manifest.files.DiagnosticKeys, org.apache.hadoop.mapreduce.lib.output.committer.manifest.files.DirEntry, org.apache.hadoop.mapreduce.lib.output.committer.manifest.files.EntryStatus, org.apache.hadoop.mapreduce.lib.output.committer.manifest.files.FileEntry, org.apache.hadoop.mapreduce.lib.output.committer.manifest.files.ManifestPrinter, org.apache.hadoop.mapreduce.lib.output.committer.manifest.files.ManifestSuccessData, org.apache.hadoop.mapreduce.lib.output.committer.manifest.files.TaskManifest, org.apache.hadoop.mapreduce.lib.output.committer.manifest.impl.AuditingIntegration, org.apache.hadoop.mapreduce.lib.output.committer.manifest.impl.InternalConstants, org.apache.hadoop.mapreduce.lib.output.committer.manifest.impl.LoadedManifestData, org.apache.hadoop.mapreduce.lib.output.committer.manifest.impl.ManifestCommitterSupport, org.apache.hadoop.mapreduce.lib.output.committer.manifest.impl.ManifestStoreOperations, org.apache.hadoop.mapreduce.lib.output.committer.manifest.impl.ManifestStoreOperationsThroughFileSystem, org.apache.hadoop.mapreduce.lib.output.committer.manifest.impl.OutputValidationException, org.apache.hadoop.mapreduce.lib.output.committer.manifest.stages.AbortTaskStage, org.apache.hadoop.mapreduce.lib.output.committer.manifest.stages.AbstractJobOrTaskStage, org.apache.hadoop.mapreduce.lib.output.committer.manifest.stages.CleanupJobStage, org.apache.hadoop.mapreduce.lib.output.committer.manifest.stages.CommitJobStage, org.apache.hadoop.mapreduce.lib.output.committer.manifest.stages.CommitTaskStage, org.apache.hadoop.mapreduce.lib.output.committer.manifest.stages.RenameFilesStage, org.apache.hadoop.mapreduce.lib.output.committer.manifest.stages.SaveSuccessFileStage, org.apache.hadoop.mapreduce.lib.output.committer.manifest.stages.SaveTaskManifestStage, org.apache.hadoop.mapreduce.lib.output.committer.manifest.stages.SetupJobStage, org.apache.hadoop.mapreduce.lib.output.committer.manifest.stages.SetupTaskStage, org.apache.hadoop.mapreduce.lib.output.committer.manifest.stages.StageConfig, org.apache.hadoop.mapreduce.lib.output.committer.manifest.stages.StageEventCallbacks, org.apache.hadoop.mapreduce.lib.output.committer.manifest.stages.TaskAttemptScanDirectoryStage, org.apache.hadoop.mapreduce.lib.output.committer.manifest.stages.ValidateRenamedFilesStage",Hadoop MapReduce Output Committer,"The Hadoop MapReduce Output Committer module is a critical component responsible for coordinating the writing of task output files to the Hadoop Distributed File System (HDFS). It ensures data consistency and fault tolerance by managing transactional writes, preventing data loss in case of failures. The committer interacts with Hadoop's TaskTracker and NameNode, utilizing Java for implementation. It supports scalability by enabling parallel output file creation and optimizes performance through efficient use of HDFS. The committer's design inherently provides fault tolerance, as it leverages HDFS's reliability and the MapReduce framework's failure recovery mechanisms. This module is integral to maintaining data integrity in large-scale, distributed processing tasks."
org.apache.hadoop.mapreduce.lib.output.committer.manifest.stages.ss,"org.apache.hadoop.mapreduce.lib.output.committer.manifest.impl.EntryFileIO, org.apache.hadoop.mapreduce.lib.output.committer.manifest.stages.AbstractJobOrTaskStage, org.apache.hadoop.mapreduce.lib.output.committer.manifest.stages.CreateOutputDirectoriesStage, org.apache.hadoop.mapreduce.lib.output.committer.manifest.stages.JobOrTaskStage, org.apache.hadoop.mapreduce.lib.output.committer.manifest.stages.LoadManifestsStage",MapReduce Output Committer,"The MapReduce Output Committer module is a critical component of Hadoop's MapReduce framework, primarily responsible for coordinating the commit process of task output files to the Hadoop Distributed File System (HDFS). It ensures data consistency and fault tolerance by managing the transactional behavior of the output files. The committer interacts with the TaskTracker and JobTracker (in Hadoop 1.x) or NodeManager and ResourceManager (in Hadoop 2.x) to determine the appropriate commit points during the task's execution. It utilizes Java for implementation and leverages HDFS for reliable storage. The committer's design supports scalability by allowing tasks to write intermediate data to local disks and then atomically moving it to HDFS, thus improving performance. In case of task failure, the committer ensures that only completed parts of the output files are included in the final result, enhancing fault tolerance."
org.apache.hadoop.mapreduce.lib.output.ss,"org.apache.hadoop.mapreduce.OutputFormat, org.apache.hadoop.mapreduce.lib.output.FileOutputCommitter, org.apache.hadoop.mapreduce.lib.output.FileOutputCommitterFactory, org.apache.hadoop.mapreduce.lib.output.FileOutputFormat, org.apache.hadoop.mapreduce.lib.output.FilterOutputFormat, org.apache.hadoop.mapreduce.lib.output.LazyOutputFormat, org.apache.hadoop.mapreduce.lib.output.MapFileOutputFormat, org.apache.hadoop.mapreduce.lib.output.MultipleOutputs, org.apache.hadoop.mapreduce.lib.output.NamedCommitterFactory, org.apache.hadoop.mapreduce.lib.output.NullOutputFormat, org.apache.hadoop.mapreduce.lib.output.PartialFileOutputCommitter, org.apache.hadoop.mapreduce.lib.output.PartialOutputCommitter, org.apache.hadoop.mapreduce.lib.output.PathOutputCommitterFactory, org.apache.hadoop.mapreduce.lib.output.SequenceFileAsBinaryOutputFormat, org.apache.hadoop.mapreduce.lib.output.SequenceFileOutputFormat, org.apache.hadoop.mapreduce.lib.output.TextOutputFormat, org.apache.hadoop.mapreduce.security.TokenCache, org.apache.hadoop.mapreduce.task.annotation.Checkpointable",Hadoop MapReduce Output Subsystem,"The Hadoop MapReduce Output Subsystem, encapsulated within the org.apache.hadoop.mapreduce.lib.output.ss package, is a critical component of the Hadoop ecosystem. It is primarily responsible for writing the output generated by MapReduce jobs to the Hadoop Distributed File System (HDFS). The subsystem is implemented in Java and integrates seamlessly with Hadoop's other modules. It supports various output formats, including TextOutputFormat and SequenceFileOutputFormat, enabling flexibility in data storage. The subsystem ensures scalability by leveraging HDFS's ability to handle large datasets across commodity hardware. Performance is optimized through parallel writing of intermediate and final outputs. Fault tolerance is maintained via HDFS's replication mechanism, ensuring data integrity even in the event of hardware failures. The subsystem's modular design allows for easy customization and extension, making it a robust solution for big data processing needs."
org.apache.hadoop.mapreduce.lib.partition.ss,"org.apache.hadoop.mapreduce.InputFormat, org.apache.hadoop.mapreduce.lib.partition.InputSampler, org.apache.hadoop.mapreduce.lib.partition.TotalOrderPartitioner",Apache Hadoop MapReduce Partitioning,"Apache Hadoop MapReduce's partitioning module, org.apache.hadoop.mapreduce.lib.partition.ss, is a critical component for data processing. It divides the sorted output from the Map phase into partitions, each containing data destined for the same Reduce task. This module primarily uses Java and integrates with Hadoop's distributed file system (HDFS) for data storage. It ensures scalability by distributing data evenly across reducers, enhancing performance through parallel processing. The module's fault tolerance is maintained via Hadoop's inherent replication and task tracking mechanisms. The 'ss' in the package name signifies the 'Hash' partitioner, which uses a hash function to assign tasks to reducers, ensuring consistent and reproducible partitioning. This module is pivotal in Hadoop's MapReduce paradigm, facilitating efficient and reliable large-scale data processing."
org.apache.hadoop.mapreduce.lib.reduce.ss,org.apache.hadoop.mapreduce.lib.reduce.WrappedReducer,Reduce Side Storage,"The Reduce Side Storage module in Apache Hadoop MapReduce is a crucial component for managing data during the reduce phase. It primarily uses Java and Hadoop technologies, leveraging HDFS for distributed storage. The module facilitates the aggregation of intermediate data generated by the Map phase. It ensures scalability by distributing data across multiple nodes, enhancing performance through parallel processing. Fault tolerance is maintained via Hadoop's inherent replication mechanism. The Reduce task reads this stored data, processes it, and generates the final output. This module's design allows for efficient handling of large datasets, making it a cornerstone of Hadoop's MapReduce model."
org.apache.hadoop.mapreduce.protocol.ss,"org.apache.hadoop.mapreduce.Cluster, org.apache.hadoop.mapreduce.ClusterMetrics, org.apache.hadoop.mapreduce.QueueAclsInfo, org.apache.hadoop.mapreduce.TaskTrackerInfo, org.apache.hadoop.mapreduce.protocol.ClientProtocol, org.apache.hadoop.mapreduce.security.token.delegation.DelegationTokenIdentifier, org.apache.hadoop.mapreduce.security.token.delegation.DelegationTokenSecretManager, org.apache.hadoop.mapreduce.security.token.delegation.DelegationTokenSelector, org.apache.hadoop.mapreduce.v2.LogParams",MapReduce Cluster Architecture,"The MapReduce cluster architecture, encapsulated within the org.apache.hadoop.mapreduce.protocol.ss package, is a distributed processing system designed for handling large datasets. It comprises major components such as the JobTracker for job scheduling and management, and TaskTrackers for executing tasks. The system leverages Hadoop's distributed file system (HDFS) for storage, ensuring scalability and fault tolerance. MapReduce jobs are divided into map and reduce tasks, executed in parallel across the cluster. Java is the primary programming language, facilitating cross-platform compatibility. Performance is optimized through data locality, where tasks are scheduled near the data they process. The architecture's inherent redundancy and automatic failure recovery mechanisms ensure robustness and reliability, making it ideal for big data processing."
org.apache.hadoop.mapreduce.security.ss,"org.apache.hadoop.mapreduce.security.SecureShuffleUtils, org.apache.hadoop.mapreduce.security.token.JobTokenSecretManager",Hadoop MapReduce Security Subsystem,"The Hadoop MapReduce Security Subsystem (org.apache.hadoop.mapreduce.security.ss) is a critical component of the Hadoop ecosystem, ensuring secure data processing. It integrates with Hadoop's Java-based framework and HDFS, providing authentication, authorization, and data encryption. The subsystem supports Kerberos for secure authentication, leveraging ticket-based authentication to prevent unauthorized access. It also implements access control lists (ACLs) for fine-grained authorization. Data is encrypted during transmission using SASL (Simple Authentication and Security Layer) and at rest in HDFS with Hadoop's built-in encryption. The subsystem enhances scalability and fault tolerance by integrating seamlessly with Hadoop's distributed architecture. Performance is maintained through efficient resource management and minimizing network overhead. This robust security framework ensures data integrity and confidentiality in large-scale, distributed data processing tasks."
org.apache.hadoop.mapreduce.security.token.ss,"org.apache.hadoop.mapreduce.security.token.JobTokenIdentifier, org.apache.hadoop.mapreduce.security.token.JobTokenSelector",Hadoop MapReduce Security Token System,"The Hadoop MapReduce Security Token System (org.apache.hadoop.mapreduce.security.token.ss) is a crucial component of Hadoop's security framework. It provides secure access control for MapReduce jobs by issuing and validating security tokens. These tokens, implemented in Java, are used to authenticate users and services, ensuring only authorized entities can submit or manage MapReduce jobs. The system integrates with Hadoop's Distributed File System (HDFS) for data access control. It enhances scalability by decoupling authentication from authorization, allowing for distributed processing. Performance is optimized through efficient token validation mechanisms. Fault tolerance is maintained via replication of tokens across multiple nodes. This system ensures secure, scalable, and reliable MapReduce operations in a Hadoop cluster."
org.apache.hadoop.mapreduce.ss,"org.apache.hadoop.mapreduce.Cluster, org.apache.hadoop.mapreduce.Counter, org.apache.hadoop.mapreduce.CounterGroup, org.apache.hadoop.mapreduce.Counters, org.apache.hadoop.mapreduce.ID, org.apache.hadoop.mapreduce.Job, org.apache.hadoop.mapreduce.JobACL, org.apache.hadoop.mapreduce.JobCounter, org.apache.hadoop.mapreduce.JobID, org.apache.hadoop.mapreduce.JobPriority, org.apache.hadoop.mapreduce.JobResourceUploader, org.apache.hadoop.mapreduce.JobStatus, org.apache.hadoop.mapreduce.JobSubmissionFiles, org.apache.hadoop.mapreduce.JobSubmitter, org.apache.hadoop.mapreduce.QueueInfo, org.apache.hadoop.mapreduce.QueueState, org.apache.hadoop.mapreduce.SharedCacheConfig, org.apache.hadoop.mapreduce.TaskCompletionEvent, org.apache.hadoop.mapreduce.TaskCounter, org.apache.hadoop.mapreduce.TaskID, org.apache.hadoop.mapreduce.TaskReport, org.apache.hadoop.mapreduce.TaskType, org.apache.hadoop.mapreduce.counters.AbstractCounter, org.apache.hadoop.mapreduce.counters.AbstractCounterGroup, org.apache.hadoop.mapreduce.counters.CounterGroupBase, org.apache.hadoop.mapreduce.counters.CounterGroupFactory, org.apache.hadoop.mapreduce.counters.GenericCounter, org.apache.hadoop.mapreduce.counters.LimitExceededException, org.apache.hadoop.mapreduce.counters.Limits, org.apache.hadoop.mapreduce.filecache.ClientDistributedCacheManager, org.apache.hadoop.mapreduce.filecache.DistributedCache, org.apache.hadoop.mapreduce.protocol.ClientProtocolProvider, org.apache.hadoop.mapreduce.split.JobSplit, org.apache.hadoop.mapreduce.split.JobSplitWriter, org.apache.hadoop.mapreduce.split.SplitMetaInfoReader, org.apache.hadoop.mapreduce.tools.CLI, org.apache.hadoop.mapreduce.util.CountersStrings",Apache Hadoop MapReduce Architecture,"Apache Hadoop MapReduce is a Java-based framework for processing large data sets in parallel across a Hadoop cluster. It utilizes the Hadoop Distributed File System (HDFS) for storage and MapReduce paradigm for processing. The Map task breaks down input data into chunks, processes them independently, and the Reduce task consolidates these results. This architecture ensures scalability by distributing data and processing across multiple nodes. Performance is optimized through data locality, where processing occurs on the node storing the data. Fault tolerance is achieved via task tracking and automatic re-execution of failed tasks. The MapReduce model simplifies parallel computing, making it accessible for large-scale data processing."
org.apache.hadoop.mapreduce.task.reduce.ss,"org.apache.hadoop.mapreduce.CryptoUtils, org.apache.hadoop.mapreduce.TaskAttemptID, org.apache.hadoop.mapreduce.security.IntermediateEncryptedStream, org.apache.hadoop.mapreduce.security.SpillCallBackInjector, org.apache.hadoop.mapreduce.security.SpillCallBackPathsFinder, org.apache.hadoop.mapreduce.task.reduce.EventFetcher, org.apache.hadoop.mapreduce.task.reduce.ExceptionReporter, org.apache.hadoop.mapreduce.task.reduce.Fetcher, org.apache.hadoop.mapreduce.task.reduce.IFileWrappedMapOutput, org.apache.hadoop.mapreduce.task.reduce.InMemoryMapOutput, org.apache.hadoop.mapreduce.task.reduce.InMemoryReader, org.apache.hadoop.mapreduce.task.reduce.InMemoryWriter, org.apache.hadoop.mapreduce.task.reduce.LocalFetcher, org.apache.hadoop.mapreduce.task.reduce.MapHost, org.apache.hadoop.mapreduce.task.reduce.MapOutput, org.apache.hadoop.mapreduce.task.reduce.MergeManager, org.apache.hadoop.mapreduce.task.reduce.MergeManagerImpl, org.apache.hadoop.mapreduce.task.reduce.MergeThread, org.apache.hadoop.mapreduce.task.reduce.OnDiskMapOutput, org.apache.hadoop.mapreduce.task.reduce.Shuffle, org.apache.hadoop.mapreduce.task.reduce.ShuffleClientMetrics, org.apache.hadoop.mapreduce.task.reduce.ShuffleHeader, org.apache.hadoop.mapreduce.task.reduce.ShuffleScheduler, org.apache.hadoop.mapreduce.task.reduce.ShuffleSchedulerImpl",Reduce Side of MapReduce,"The reduce side of MapReduce, encapsulated within the org.apache.hadoop.mapreduce.task.reduce.ss package, is a critical component of Hadoop's distributed processing framework. It receives and aggregates intermediate data generated by the map tasks, primarily using Java for implementation. This side leverages Hadoop's distributed file system (HDFS) for data storage and transfer. Scalability is achieved through parallel processing of data across multiple nodes. Performance is optimized via efficient data shuffling and sorting mechanisms. Fault tolerance is ensured through task tracking and restart capabilities, ensuring reliable operation even in the event of node failures. The reduce side's design allows for seamless integration with the map side, forming the backbone of Hadoop's MapReduce model."
org.apache.hadoop.mapreduce.task.ss,"org.apache.hadoop.mapreduce.MarkableIterator, org.apache.hadoop.mapreduce.MarkableIteratorInterface, org.apache.hadoop.mapreduce.ReduceContext, org.apache.hadoop.mapreduce.lib.input.TextInputFormat, org.apache.hadoop.mapreduce.lib.partition.HashPartitioner, org.apache.hadoop.mapreduce.task.JobContextImpl, org.apache.hadoop.mapreduce.task.ReduceContextImpl, org.apache.hadoop.mapreduce.task.TaskAttemptContextImpl",MapReduce Task Scheduler,"The MapReduce Task Scheduler is a critical component of Apache Hadoop MapReduce, primarily responsible for managing and coordinating tasks across the cluster. It interacts with the JobTracker, which submits MapReduce jobs, and the TaskTrackers, which execute these jobs. The scheduler assigns tasks to TaskTrackers based on resource availability and job requirements. Java is the primary programming language, and the system heavily relies on Hadoop and HDFS for distributed storage and processing. The scheduler ensures scalability by distributing tasks evenly across the cluster, enhancing performance through efficient resource utilization. Fault tolerance is maintained through task tracking and automatic re-execution of failed tasks. This robust design allows Hadoop MapReduce to handle large-scale data processing with reliability and efficiency."
org.apache.hadoop.mapreduce.util.ss,"org.apache.hadoop.mapreduce.JobContext, org.apache.hadoop.mapreduce.MRConfig, org.apache.hadoop.mapreduce.MRJobConfig, org.apache.hadoop.mapreduce.Partitioner, org.apache.hadoop.mapreduce.lib.fieldsel.FieldSelectionHelper, org.apache.hadoop.mapreduce.lib.input.KeyValueLineRecordReader, org.apache.hadoop.mapreduce.lib.input.KeyValueTextInputFormat, org.apache.hadoop.mapreduce.lib.input.NLineInputFormat, org.apache.hadoop.mapreduce.lib.map.RegexMapper, org.apache.hadoop.mapreduce.lib.partition.BinaryPartitioner, org.apache.hadoop.mapreduce.lib.partition.KeyFieldBasedComparator, org.apache.hadoop.mapreduce.lib.partition.KeyFieldBasedPartitioner, org.apache.hadoop.mapreduce.lib.partition.KeyFieldHelper, org.apache.hadoop.mapreduce.lib.partition.RehashPartitioner, org.apache.hadoop.mapreduce.server.jobtracker.JTConfig, org.apache.hadoop.mapreduce.server.tasktracker.TTConfig, org.apache.hadoop.mapreduce.util.ConfigUtil, org.apache.hadoop.mapreduce.util.MRJobConfUtil, org.apache.hadoop.mapreduce.util.ProcessTree",Apache Hadoop MapReduce Utility Stack,"The Apache Hadoop MapReduce Utility Stack (org.apache.hadoop.mapreduce.util.ss) is a crucial component of the Hadoop ecosystem, providing a set of utility classes for enhancing MapReduce job functionalities. It primarily interacts with the core MapReduce components, including Job, Task, and TaskTracker. The stack is predominantly written in Java, leveraging Hadoop's distributed file system (HDFS) for data storage and processing. It ensures scalability by distributing tasks across a cluster of nodes, thereby optimizing resource utilization. Performance is maintained through efficient task scheduling and data locality optimization. Fault tolerance is achieved via task tracking and automatic recovery from node failures. This utility stack plays a pivotal role in simplifying MapReduce job development and execution, making it an indispensable tool for big data processing."
